ID,Class 1,Class 2,Class 3
[x.1],RKEDQN,GASTPHY,CLVIMFW
[x.2],GASTPDC,NVEQIL,MHKFRYW
[x.3],LIFWCMVY,PATGS,HQRKNED
[x.4],GASDT,CPNVEQIL,KMHFRYW
[x.5],KR,ANCQGHILMFPSTWYV,DE
[x.6],EALMQKRH,VIYCWFT,GNPSD
[x.7],ALFCGIVW,RKQEND,MPSTHY
[x.8],GQDNAHR,KTSEC,ILMFPWYV
[x.9],DHIKNPRWY,EQSTGAMF,CLV
[x.10],CDFMPQRWY,AGHVLNST,EIK
[x.11],GKNQRSTY,ADEFHILVW,CMP
[x.12],GHKNQRSTY,ADEFIPVW,CLM
[x.13],HKMRY,FGILNPQSVW,CDEAT
[x.14],HGKMRSYW,AFINPQT,CDELV
[x.15],HKMQRS,ADEFGLNPVY,CITW
[x.16],CFHWY,GILNMSTR,AEDKPQV
[x.17],CFHWYM,DGILNSTV,AEKPQR
[x.18],DEHRY,CFKMNQSTW,AGILPV
[x.19],AGS,CDEHIKLMNQPTV,FRWY
[x.20],RKDNEQH,PYSTGACV,WMFLI
[x.21],HKNQR,DESTWY,ACGFILMPV
[x.22],DEHNQR,KSTWY,ACGFILMPV
[x.23],ACGKRT,EFHILMNPQSVW,DY
[x.24],EGKNQS,ADHIPRTV,CFLMWY
